identifier,prom_alcohol_s1[PPM],max_val_alcohol_s1[PPM],prom_alcohol_s2[PPM],max_val_alcohol_s2[PPM],prom_metano_s1[PPM],max_val_metano_s1[PPM],prom_metano_s2[PPM],max_val_metano_s2[PPM],razon_max_value_metano_alcohol_s1,razon_max_value_metano_alcohol_s2,tamaño[cm],categoria,crvElevation_alcohol_s1[PPM],crvElevation_alcohol_s2[PPM],crvElevation_metano_s1[PPM],crvElevation_metano_s2[PPM],frstMeasure_alcohol_s1,frstMeasure_alcohol_s2,frstMeasure_metano_s1,frstMeasure_metano_s2,promElevation_alcohol_s1[PPM],promElevation_alcohol_s2[PPM],promElevation_metano_s1[PPM],promElevation_metano_s2[PPM],razon_max_min_alch
1.0,10.176,10.29,7.382000000000001,7.41,1509.852,1520.38,189.925,201.92,147.75315840621963,27.24966261808367,10.0,1,0.0,0.0,0.1100000000001273,0.0,10.29,7.41,1520.27,201.92,-0.1139999999999989,-0.0279999999999995,-10.417999999999893,-11.995000000000005,1.0
2.0,10.967,11.01,7.732000000000001,7.78,1650.364,1655.76,183.067,188.29,150.38692098092642,24.20179948586118,10.0,1,0.0,0.0499999999999998,9.970000000000027,0.0,11.01,7.73,1645.79,188.29,-0.0429999999999992,0.0020000000000006,4.574000000000069,-5.222999999999985,1.0
2.0,13.645,13.68,8.212,8.26,1800.1090000000004,1807.23,273.329,278.56,132.10745614035088,33.723970944309926,10.0,1,0.0299999999999993,0.0299999999999993,1.9600000000000364,0.0,13.65,8.23,1805.27,278.56,-0.0050000000000007,-0.0180000000000006,-5.160999999999604,-5.2309999999999945,1.0021978021978022
3.0,15.112444444444446,15.91,7.420111111111112,7.57,1494.9253333333334,1546.54,202.3344444444444,221.21,97.20553111250786,29.221928665786,10.0,1,2.2200000000000006,0.2300000000000004,93.49,50.6,13.69,7.34,1453.05,170.61,1.4224444444444462,0.0801111111111119,41.8753333333334,31.7244444444444,1.1621621621621625
4.0,18.524,20.44,7.492555555555555,7.71,1525.5761111111112,1590.55,220.4513333333333,256.28,77.81555772994129,33.23994811932555,10.0,1,5.090000000000002,0.3499999999999996,114.48000000000002,88.14999999999998,15.35,7.36,1476.07,168.13,3.1740000000000013,0.1325555555555544,49.506111111111295,52.321333333333314,1.3315960912052118
5.0,19.574333333333332,24.56,7.565,7.9,1556.679666666667,1679.91,236.0148888888889,299.4,68.40024429967427,37.89873417721518,10.0,1,9.399999999999999,0.5100000000000007,206.5,124.40999999999997,15.16,7.39,1473.41,174.99,4.414333333333332,0.1750000000000007,83.26966666666681,61.02488888888888,1.6200527704485488
