identifier,prom_alcohol_s1[PPM],max_val_alcohol_s1[PPM],prom_alcohol_s2[PPM],max_val_alcohol_s2[PPM],prom_metano_s1[PPM],max_val_metano_s1[PPM],prom_metano_s2[PPM],max_val_metano_s2[PPM],razon_max_value_metano_alcohol_s1,razon_max_value_metano_alcohol_s2,tamaño[cm],categoria,frstMeasure_alcohol_s1,frstMeasure_alcohol_s2,frstMeasure_metano_s1,frstMeasure_metano_s2,crvElevation_alcohol_s1,promElevation_alcohol_s1,crvElevation_alcohol_s2,promElevation_alcohol_s2,crvElevation_metano_s1,promElevation_metano_s1,crvElevation_metano_s2,promElevation_metano_s2,razon_max_min_alch,crvElevation_alcohol_s1[PPM],crvElevation_alcohol_s2[PPM],crvElevation_metano_s1[PPM],crvElevation_metano_s2[PPM],promElevation_alcohol_s1[PPM],promElevation_alcohol_s2[PPM],promElevation_metano_s1[PPM],promElevation_metano_s2[PPM]
0.0,16.028666666666666,16.75,7.851333333333333,8.09,1667.5453333333332,1750.55,418.6756666666667,426.83,104.51044776119404,52.7601977750309,16.0,1,14.05,8.09,1743.99,425.01,,,,,,,,,1.192170818505338,2.7,0.0,6.559999999999945,1.8199999999999927,1.9786666666666648,-0.238666666666667,-76.44466666666676,-6.334333333333291
1.0,17.442999999999998,20.35,7.846666666666667,7.96,1669.4763333333333,1712.52,502.2993333333333,589.69,84.15331695331695,74.08165829145729,16.0,6,13.52,7.94,1690.98,426.78,,,,,,,,,1.5051775147928996,6.830000000000002,0.0199999999999995,21.539999999999964,162.91000000000008,3.9229999999999983,-0.0933333333333337,-21.50366666666673,75.51933333333335
2.0,13.010333333333335,13.1,7.507000000000001,7.55,1536.2606666666666,1539.0,263.4606666666666,277.45,117.48091603053436,36.74834437086093,16.0,1,12.87,7.55,1536.99,254.23,,,,,,,,,1.017871017871018,0.23000000000000043,0.0,2.009999999999991,23.22,0.14033333333333609,-0.04299999999999926,-0.7293333333334431,9.230666666666622
